,group,kval,rhoval,proportion_per_capita,proportion_gross,method,baseline_1,baseline_2
0,experts,1,0,0.0038427913438969356,0.053799078814557096,Potential influence,0.007518796992481203,
0,amateurs,1,0,0.007885007676545357,0.9462009211854429,Potential influence,0.007518796992481203,
0,experts,1,0,0.04120623667377398,0.5768873134328357,Real influence,0.007518796992481203,0.5693441926892345
0,amateurs,1,0,0.003525939054726367,0.42311268656716405,Real influence,0.007518796992481203,0.4306558073107654
0,experts,1,0.25,0.0037003272255616906,0.05180458115786367,Potential influence,0.007518796992481203,
0,amateurs,1,0.25,0.007901628490351136,0.9481954188421363,Potential influence,0.007518796992481203,
0,experts,1,0.25,0.040125923234630774,0.5617629252848308,Real influence,0.007518796992481203,0.5693441926892345
0,amateurs,1,0.25,0.00365197562262641,0.4382370747151692,Real influence,0.007518796992481203,0.4306558073107654
0,experts,1,0.5,0.003583829548155839,0.050173613674181744,Potential influence,0.007518796992481203,
0,amateurs,1,0.5,0.007915219886048484,0.9498263863258182,Potential influence,0.007518796992481203,
0,experts,1,0.5,0.03905291617175382,0.5467408264045535,Real influence,0.007518796992481203,0.5693441926892345
0,amateurs,1,0.5,0.0037771597799620537,0.45325917359544643,Real influence,0.007518796992481203,0.4306558073107654
0,experts,1,0.75,0.0034699735827208853,0.04857963015809239,Potential influence,0.007518796992481203,
0,amateurs,1,0.75,0.007928503082015896,0.9514203698419075,Potential influence,0.007518796992481203,
0,experts,1,0.75,0.037986262513443135,0.5318076751882039,Real influence,0.007518796992481203,0.5693441926892345
0,amateurs,1,0.75,0.003901602706764967,0.468192324811796,Real influence,0.007518796992481203,0.4306558073107654
0,experts,1,1,0.0033603787162344413,0.04704530202728218,Potential influence,0.007518796992481203,
0,amateurs,1,1,0.007941289149772648,0.9529546979727177,Potential influence,0.007518796992481203,
0,experts,1,1,0.03692862940738917,0.5170008117034484,Real influence,0.007518796992481203,0.5693441926892345
0,amateurs,1,1,0.0040249932358045965,0.4829991882965516,Real influence,0.007518796992481203,0.4306558073107654
0,experts,1,1.25,0.0032559380039581622,0.04558313205541427,Potential influence,0.007518796992481203,
0,amateurs,1,1.25,0.007953473899538214,0.9544168679445857,Potential influence,0.007518796992481203,
0,experts,1,1.25,0.03588290961082965,0.5023607345516151,Real influence,0.007518796992481203,0.5693441926892345
0,amateurs,1,1.25,0.004146993878736542,0.497639265448385,Real influence,0.007518796992481203,0.4306558073107654
0,experts,1,1.5,0.0031572571419093373,0.04420159998673072,Potential influence,0.007518796992481203,
0,amateurs,1,1.5,0.007964986666777245,0.9557984000132693,Potential influence,0.007518796992481203,
0,experts,1,1.5,0.03485209454955092,0.4879293236937129,Real influence,0.007518796992481203,0.5693441926892345
0,amateurs,1,1.5,0.004267255635885727,0.5120706763062872,Real influence,0.007518796992481203,0.4306558073107654
0,experts,2,0,0.0037701326654131537,0.05278185731578415,Potential influence,0.007518796992481203,
0,amateurs,2,0,0.007893484522368465,0.9472181426842158,Potential influence,0.007518796992481203,
0,experts,2,0,0.04666172707889125,0.6532641791044774,Real influence,0.007518796992481203,0.5693441926892345
0,amateurs,2,0,0.002889465174129353,0.3467358208955224,Real influence,0.007518796992481203,0.4306558073107654
0,experts,2,0.25,0.0036298290626452364,0.05081760687703331,Potential influence,0.007518796992481203,
0,amateurs,2,0.25,0.007909853276024722,0.9491823931229666,Potential influence,0.007518796992481203,
0,experts,2,0.25,0.04561824895894619,0.6386554854252467,Real influence,0.007518796992481203,0.5693441926892345
0,amateurs,2,0.25,0.0030112042881229456,0.3613445145747535,Real influence,0.007518796992481203,0.4306558073107654
0,experts,2,0.5,0.00351909272575885,0.0492672981606239,Potential influence,0.007518796992481203,
0,amateurs,2,0.5,0.007922772515328134,0.9507327018393761,Potential influence,0.007518796992481203,
0,experts,2,0.5,0.04457695964280572,0.62407743499928,Real influence,0.007518796992481203,0.5693441926892345
0,amateurs,2,0.5,0.003132688041672667,0.37592256500072,Real influence,0.007518796992481203,0.4306558073107654
0,experts,2,0.75,0.003409780407689564,0.04773692570765389,Potential influence,0.007518796992481203,
0,amateurs,2,0.75,0.007935525619102884,0.952263074292346,Potential influence,0.007518796992481203,
0,experts,2,0.75,0.043521681982994866,0.6093035477619281,Real influence,0.007518796992481203,0.5693441926892345
0,amateurs,2,0.75,0.003255803768650601,0.3906964522380721,Real influence,0.007518796992481203,0.4306558073107654
0,experts,2,1,0.003303198054251634,0.04624477275952287,Potential influence,0.007518796992481203,
0,amateurs,2,1,0.007947960227003973,0.9537552272404769,Potential influence,0.007518796992481203,
0,experts,2,1,0.04245538374858272,0.5943753724801581,Real influence,0.007518796992481203,0.5693441926892345
0,amateurs,2,1,0.0033802052293320137,0.40562462751984163,Real influence,0.007518796992481203,0.4306558073107654
0,experts,2,1.25,0.003200298617946386,0.04480418065124941,Potential influence,0.007518796992481203,
0,amateurs,2,1.25,0.007959965161239587,0.9551958193487504,Potential influence,0.007518796992481203,
0,experts,2,1.25,0.041381305102657265,0.5793382714372017,Real influence,0.007518796992481203,0.5693441926892345
0,amateurs,2,1.25,0.0035055144046899863,0.4206617285627984,Real influence,0.007518796992481203,0.4306558073107654
0,experts,2,1.5,0.003101895070975522,0.04342653099365731,Potential influence,0.007518796992481203,
0,amateurs,2,1.5,0.007971445575052855,0.9565734690063427,Potential influence,0.007518796992481203,
0,experts,2,1.5,0.040303313754066816,0.5642463925569354,Real influence,0.007518796992481203,0.5693441926892345
0,amateurs,2,1.5,0.0036312800620255385,0.43575360744306463,Real influence,0.007518796992481203,0.4306558073107654
0,experts,3,0,0.0046297754291229004,0.06481685600772061,Potential influence,0.007518796992481203,
0,amateurs,3,0,0.007793192866602328,0.9351831439922794,Potential influence,0.007518796992481203,
0,experts,3,0,0.04984740582800286,0.69786368159204,Real influence,0.007518796992481203,0.5693441926892345
0,amateurs,3,0,0.002517802653399668,0.3021363184079602,Real influence,0.007518796992481203,0.4306558073107654
0,experts,3,0.25,0.004457653097552049,0.06240714336572868,Potential influence,0.007518796992481203,
0,amateurs,3,0.25,0.007813273805285594,0.9375928566342713,Potential influence,0.007518796992481203,
0,experts,3,0.25,0.04885138768778513,0.6839194276289918,Real influence,0.007518796992481203,0.5693441926892345
0,amateurs,3,0.25,0.002634004769758402,0.31608057237100823,Real influence,0.007518796992481203,0.4306558073107654
0,experts,3,0.5,0.0043200010937350574,0.0604800153122908,Potential influence,0.007518796992481203,
0,amateurs,3,0.5,0.00782933320573091,0.9395199846877093,Potential influence,0.007518796992481203,
0,experts,3,0.5,0.04786405223005562,0.6700967312207786,Real influence,0.007518796992481203,0.5693441926892345
0,amateurs,3,0.5,0.0027491939064935114,0.3299032687792214,Real influence,0.007518796992481203,0.4306558073107654
0,experts,3,0.75,0.004187103512147733,0.05861944917006827,Potential influence,0.007518796992481203,
0,amateurs,3,0.75,0.007844837923582764,0.9413805508299318,Potential influence,0.007518796992481203,
0,experts,3,0.75,0.046847610873456194,0.6558665522283867,Real influence,0.007518796992481203,0.5693441926892345
0,amateurs,3,0.75,0.0028677787314301106,0.34413344777161325,Real influence,0.007518796992481203,0.4306558073107654
0,experts,3,1,0.004059632562330784,0.05683485587263098,Potential influence,0.007518796992481203,
0,amateurs,3,1,0.007859709534394741,0.9431651441273691,Potential influence,0.007518796992481203,
0,experts,3,1,0.04580464812922484,0.6412650738091478,Real influence,0.007518796992481203,0.5693441926892345
0,amateurs,3,1,0.0029894577182571023,0.3587349261908523,Real influence,0.007518796992481203,0.4306558073107654
0,experts,3,1.25,0.003938140683156333,0.055133969564188666,Potential influence,0.007518796992481203,
0,amateurs,3,1.25,0.007873883586965095,0.9448660304358113,Potential influence,0.007518796992481203,
0,experts,3,1.25,0.04473831812290008,0.6263364537206011,Real influence,0.007518796992481203,0.5693441926892345
0,amateurs,3,1.25,0.0031138628856616575,0.3736635462793989,Real influence,0.007518796992481203,0.4306558073107654
0,experts,3,1.5,0.0038231721081242696,0.053524409513739775,Potential influence,0.007518796992481203,
0,amateurs,3,1.5,0.0078872965873855,0.9464755904862601,Potential influence,0.007518796992481203,
0,experts,3,1.5,0.04365282039001679,0.6111394854602351,Real influence,0.007518796992481203,0.5693441926892345
0,amateurs,3,1.5,0.003240504287831374,0.3888605145397649,Real influence,0.007518796992481203,0.4306558073107654
0,experts,5,0,0.005878186928584513,0.08229461700018317,Potential influence,0.007518796992481203,
0,amateurs,5,0,0.007647544858331807,0.9177053829998169,Potential influence,0.007518796992481203,
0,experts,5,0,0.05237832589103808,0.7332965624745331,Real influence,0.007518796992481203,0.5693441926892345
0,amateurs,5,0,0.0022225286460455583,0.266703437525467,Real influence,0.007518796992481203,0.4306558073107654
0,experts,5,0.25,0.0056586579715218405,0.07922121160130577,Potential influence,0.007518796992481203,
0,amateurs,5,0.25,0.007673156569989117,0.9207787883986941,Potential influence,0.007518796992481203,
0,experts,5,0.25,0.051511922430823684,0.7211669140315315,Real influence,0.007518796992481203,0.5693441926892345
0,amateurs,5,0.25,0.002323609049737238,0.27883308596846856,Real influence,0.007518796992481203,0.4306558073107654
0,experts,5,0.5,0.005479148326748435,0.07670807657447809,Potential influence,0.007518796992481203,
0,amateurs,5,0.5,0.00769409936187935,0.9232919234255219,Potential influence,0.007518796992481203,
0,experts,5,0.5,0.050673976029691196,0.7094356644156767,Real influence,0.007518796992481203,0.5693441926892345
0,amateurs,5,0.5,0.002421369463202693,0.29056433558432315,Real influence,0.007518796992481203,0.4306558073107654
0,experts,5,0.75,0.00530584617080077,0.07428184639121077,Potential influence,0.007518796992481203,
0,amateurs,5,0.75,0.00771431794673991,0.9257181536087892,Potential influence,0.007518796992481203,
0,experts,5,0.75,0.04978632851846865,0.6970085992585611,Real influence,0.007518796992481203,0.5693441926892345
0,amateurs,5,0.75,0.002524928339511991,0.30299140074143893,Real influence,0.007518796992481203,0.4306558073107654
0,experts,5,1,0.005139373355892383,0.07195122698249337,Potential influence,0.007518796992481203,
0,amateurs,5,1,0.007733739775145889,0.9280487730175067,Potential influence,0.007518796992481203,
0,experts,5,1,0.04884885440153299,0.6838839616214619,Real influence,0.007518796992481203,0.5693441926892345
0,amateurs,5,1,0.002634300319821151,0.31611603837853813,Real influence,0.007518796992481203,0.4306558073107654
0,experts,5,1.25,0.004980301771043442,0.06972422479460819,Potential influence,0.007518796992481203,
0,amateurs,5,1.25,0.007752298126711596,0.9302757752053916,Potential influence,0.007518796992481203,
0,experts,5,1.25,0.04786338183166119,0.6700873456432567,Real influence,0.007518796992481203,0.5693441926892345
0,amateurs,5,1.25,0.0027492721196395284,0.3299126543567434,Real influence,0.007518796992481203,0.4306558073107654
0,experts,5,1.5,0.004829211786917675,0.06760896501684745,Potential influence,0.007518796992481203,
0,amateurs,5,1.5,0.007769925291526272,0.9323910349831527,Potential influence,0.007518796992481203,
0,experts,5,1.5,0.04683386509070494,0.6556741112698692,Real influence,0.007518796992481203,0.5693441926892345
0,amateurs,5,1.5,0.0028693824060844236,0.3443258887301308,Real influence,0.007518796992481203,0.4306558073107654
0,experts,7,0,0.006553979469707066,0.09175571257589893,Potential influence,0.007518796992481203,
0,amateurs,7,0,0.0075687023952008435,0.9082442874241012,Potential influence,0.007518796992481203,
0,experts,7,0,0.05172462320234581,0.7241447248328413,Real influence,0.007518796992481203,0.5693441926892345
0,amateurs,7,0,0.0022987939597263218,0.27585527516715863,Real influence,0.007518796992481203,0.4306558073107654
0,experts,7,0.25,0.006308385343420078,0.08831739480788109,Potential influence,0.007518796992481203,
0,amateurs,7,0.25,0.007597355043267659,0.9116826051921191,Potential influence,0.007518796992481203,
0,experts,7,0.25,0.05107544265705744,0.7150561971988042,Real influence,0.007518796992481203,0.5693441926892345
0,amateurs,7,0.25,0.0023745316900099637,0.28494380280119563,Real influence,0.007518796992481203,0.4306558073107654
0,experts,7,0.5,0.0061110300312939856,0.0855544204381158,Potential influence,0.007518796992481203,
0,amateurs,7,0.5,0.007620379829682369,0.9144455795618842,Potential influence,0.007518796992481203,
0,experts,7,0.5,0.050449474976809065,0.7062926496753269,Real influence,0.007518796992481203,0.5693441926892345
0,amateurs,7,0.5,0.0024475612527056086,0.29370735032467304,Real influence,0.007518796992481203,0.4306558073107654
0,experts,7,0.75,0.005923218591097123,0.08292506027535972,Potential influence,0.007518796992481203,
0,amateurs,7,0.75,0.007642291164372002,0.9170749397246403,Potential influence,0.007518796992481203,
0,experts,7,0.75,0.04976074880551535,0.6966504832772149,Real influence,0.007518796992481203,0.5693441926892345
0,amateurs,7,0.75,0.002527912639356541,0.30334951672278493,Real influence,0.007518796992481203,0.4306558073107654
0,experts,7,1,0.005744428989198506,0.0804220058487791,Potential influence,0.007518796992481203,
0,amateurs,7,1,0.007663149951260176,0.9195779941512211,Potential influence,0.007518796992481203,
0,experts,7,1,0.04900434866674263,0.6860608813343968,Real influence,0.007518796992481203,0.5693441926892345
0,amateurs,7,1,0.00261615932221336,0.3139391186656032,Real influence,0.007518796992481203,0.4306558073107654
0,experts,7,1.25,0.005574460723691303,0.07804245013167824,Potential influence,0.007518796992481203,
0,amateurs,7,1.25,0.007682979582236014,0.9219575498683217,Potential influence,0.007518796992481203,
0,experts,7,1.25,0.04817931390766818,0.6745103947073545,Real influence,0.007518796992481203,0.5693441926892345
0,amateurs,7,1.25,0.002712413377438711,0.3254896052926453,Real influence,0.007518796992481203,0.4306558073107654
0,experts,7,1.5,0.00541335132641,0.07578691856974,Potential influence,0.007518796992481203,
0,amateurs,7,1.5,0.0077017756785855,0.92421308143026,Potential influence,0.007518796992481203,
0,experts,7,1.5,0.04728831850910355,0.6620364591274497,Real influence,0.007518796992481203,0.5693441926892345
0,amateurs,7,1.5,0.002816362840604586,0.3379635408725503,Real influence,0.007518796992481203,0.4306558073107654
0,experts,9,0,0.00736126203931597,0.10305766855042359,Potential influence,0.007518796992481203,
0,amateurs,9,0,0.007474519428746471,0.8969423314495766,Potential influence,0.007518796992481203,
0,experts,9,0,0.04945579816716138,0.6923811743402593,Real influence,0.007518796992481203,0.5693441926892345
0,amateurs,9,0,0.0025634902138311723,0.3076188256597407,Real influence,0.007518796992481203,0.4306558073107654
0,experts,9,0.25,0.007098468998415706,0.09937856597781988,Potential influence,0.007518796992481203,
0,amateurs,9,0.25,0.0075051786168515,0.90062143402218,Potential influence,0.007518796992481203,
0,experts,9,0.25,0.049216919446115844,0.6890368722456218,Real influence,0.007518796992481203,0.5693441926892345
0,amateurs,9,0.25,0.002591359397953151,0.3109631277543781,Real influence,0.007518796992481203,0.4306558073107654
0,experts,9,0.5,0.006883011252789746,0.09636215753905644,Potential influence,0.007518796992481203,
0,amateurs,9,0.5,0.007530315353841194,0.9036378424609434,Potential influence,0.007518796992481203,
0,experts,9,0.5,0.04882234705640319,0.6835128587896446,Real influence,0.007518796992481203,0.5693441926892345
0,amateurs,9,0.5,0.002637392843419628,0.31648714121035537,Real influence,0.007518796992481203,0.4306558073107654
0,experts,9,0.75,0.0066773989663973165,0.09348358552956243,Potential influence,0.007518796992481203,
0,amateurs,9,0.75,0.007554303453920315,0.9065164144704377,Potential influence,0.007518796992481203,
0,experts,9,0.75,0.04835546494377409,0.6769765092128373,Real influence,0.007518796992481203,0.5693441926892345
0,amateurs,9,0.75,0.002691862423226358,0.32302349078716297,Real influence,0.007518796992481203,0.4306558073107654
0,experts,9,1,0.006480978404550103,0.09073369766370144,Potential influence,0.007518796992481203,
0,amateurs,9,1,0.00757721918613582,0.9092663023362983,Potential influence,0.007518796992481203,
0,experts,9,1,0.04780702302303733,0.6692983223225226,Real influence,0.007518796992481203,0.5693441926892345
0,amateurs,9,1,0.0027558473139789774,0.33070167767747727,Real influence,0.007518796992481203,0.4306558073107654
0,experts,9,1.25,0.006293492834845677,0.08810889968783948,Potential influence,0.007518796992481203,
0,amateurs,9,1.25,0.007599092502601337,0.9118911003121605,Potential influence,0.007518796992481203,
0,experts,9,1.25,0.04717327717496906,0.6604258804495668,Real influence,0.007518796992481203,0.5693441926892345
0,amateurs,9,1.25,0.0028297843295869434,0.3395741195504332,Real influence,0.007518796992481203,0.4306558073107654
0,experts,9,1.5,0.00611496472378058,0.08560950613292813,Potential influence,0.007518796992481203,
0,amateurs,9,1.5,0.007619920782225597,0.9143904938670717,Potential influence,0.007518796992481203,
0,experts,9,1.5,0.046455373860457436,0.6503752340464041,Real influence,0.007518796992481203,0.5693441926892345
0,amateurs,9,1.5,0.002913539716279967,0.34962476595359604,Real influence,0.007518796992481203,0.4306558073107654
0,experts,11,0,0.007805307455308319,0.10927430437431647,Potential influence,0.007518796992481203,
0,amateurs,11,0,0.00742271413021403,0.8907256956256836,Potential influence,0.007518796992481203,
0,experts,11,0,0.04703995651762878,0.658559391246803,Real influence,0.007518796992481203,0.5693441926892345
0,amateurs,11,0,0.0028453384062766414,0.341440608753197,Real influence,0.007518796992481203,0.4306558073107654
0,experts,11,0.25,0.007542557146932627,0.10559580005705678,Potential influence,0.007518796992481203,
0,amateurs,11,0.25,0.007453368332857859,0.8944041999429431,Potential influence,0.007518796992481203,
0,experts,11,0.25,0.04729725421782718,0.6621615590495805,Real influence,0.007518796992481203,0.5693441926892345
0,amateurs,11,0.25,0.0028153203412534956,0.3378384409504195,Real influence,0.007518796992481203,0.4306558073107654
0,experts,11,0.5,0.007326297505963112,0.10256816508348357,Potential influence,0.007518796992481203,
0,amateurs,11,0.5,0.007478598624304303,0.8974318349165163,Potential influence,0.007518796992481203,
0,experts,11,0.5,0.04710181697907989,0.6594254377071185,Real influence,0.007518796992481203,0.5693441926892345
0,amateurs,11,0.5,0.002838121352440679,0.34057456229288147,Real influence,0.007518796992481203,0.4306558073107654
0,experts,11,0.75,0.007119121569664711,0.09966770197530596,Potential influence,0.007518796992481203,
0,amateurs,11,0.75,0.007502769150205785,0.9003322980246942,Potential influence,0.007518796992481203,
0,experts,11,0.75,0.04682524845291432,0.6555534783408005,Real influence,0.007518796992481203,0.5693441926892345
0,amateurs,11,0.75,0.002870387680493329,0.3444465216591995,Real influence,0.007518796992481203,0.4306558073107654
0,experts,11,1,0.006920245524022896,0.09688343733632054,Potential influence,0.007518796992481203,
0,amateurs,11,1,0.007525971355530662,0.9031165626636795,Potential influence,0.007518796992481203,
0,experts,11,1,0.04645602388629157,0.650384334408082,Real influence,0.007518796992481203,0.5693441926892345
0,amateurs,11,1,0.0029134638799326496,0.3496156655919179,Real influence,0.007518796992481203,0.4306558073107654
0,experts,11,1.25,0.006729372575728093,0.0942112160601933,Potential influence,0.007518796992481203,
0,amateurs,11,1.25,0.007548239866165055,0.9057887839398066,Potential influence,0.007518796992481203,
0,experts,11,1.25,0.04598874301014559,0.6438424021420383,Real influence,0.007518796992481203,0.5693441926892345
0,amateurs,11,1.25,0.0029679799821496827,0.3561575978579619,Real influence,0.007518796992481203,0.4306558073107654
0,experts,11,1.5,0.006546532748534289,0.09165145847948004,Potential influence,0.007518796992481203,
0,amateurs,11,1.5,0.007569571179337667,0.90834854152052,Potential influence,0.007518796992481203,
0,experts,11,1.5,0.04542354085502026,0.6359295719702837,Real influence,0.007518796992481203,0.5693441926892345
0,amateurs,11,1.5,0.003033920233580969,0.3640704280297163,Real influence,0.007518796992481203,0.4306558073107654
0,experts,13,0,0.008401648421548056,0.1176230779016728,Potential influence,0.007518796992481203,
0,amateurs,13,0,0.007353141017486059,0.8823769220983271,Potential influence,0.007518796992481203,
0,experts,13,0,0.04515212318635092,0.6321297246089129,Real influence,0.007518796992481203,0.5693441926892345
0,amateurs,13,0,0.0030655856282590585,0.367870275391087,Real influence,0.007518796992481203,0.4306558073107654
0,experts,13,0.25,0.008129422851701859,0.11381191992382603,Potential influence,0.007518796992481203,
0,amateurs,13,0.25,0.007384900667301449,0.8861880800761739,Potential influence,0.007518796992481203,
0,experts,13,0.25,0.04581765765242213,0.6414472071339098,Real influence,0.007518796992481203,0.5693441926892345
0,amateurs,13,0.25,0.0029879399405507525,0.3585527928660903,Real influence,0.007518796992481203,0.4306558073107654
0,experts,13,0.5,0.007899508787594166,0.11059312302631832,Potential influence,0.007518796992481203,
0,amateurs,13,0.5,0.007411723974780681,0.8894068769736817,Potential influence,0.007518796992481203,
0,experts,13,0.5,0.04576616679780014,0.640726335169202,Real influence,0.007518796992481203,0.5693441926892345
0,amateurs,13,0.5,0.0029939472069233173,0.3592736648307981,Real influence,0.007518796992481203,0.4306558073107654
0,experts,13,0.75,0.0076790143917256,0.1075062014841584,Potential influence,0.007518796992481203,
0,amateurs,13,0.75,0.0074374483209653465,0.8924937985158415,Potential influence,0.007518796992481203,
0,experts,13,0.75,0.04562760429865922,0.6387864601812291,Real influence,0.007518796992481203,0.5693441926892345
0,amateurs,13,0.75,0.003010112831823091,0.3612135398187709,Real influence,0.007518796992481203,0.4306558073107654
0,experts,13,1,0.007466845306529674,0.10453583429141543,Potential influence,0.007518796992481203,
0,amateurs,13,1,0.007462201380904873,0.8954641657085847,Potential influence,0.007518796992481203,
0,experts,13,1,0.0453890393640825,0.635446551097155,Real influence,0.007518796992481203,0.5693441926892345
0,amateurs,13,1,0.0030379454075237077,0.3645534489028449,Real influence,0.007518796992481203,0.4306558073107654
0,experts,13,1.25,0.007262521416730103,0.10167529983422144,Potential influence,0.007518796992481203,
0,amateurs,13,1.25,0.007486039168048156,0.8983247001657787,Potential influence,0.007518796992481203,
0,experts,13,1.25,0.04504393112685933,0.6306150357760306,Real influence,0.007518796992481203,0.5693441926892345
0,amateurs,13,1.25,0.0030782080351997444,0.3693849642239693,Real influence,0.007518796992481203,0.4306558073107654
0,experts,13,1.5,0.007065966667434208,0.09892353334407891,Potential influence,0.007518796992481203,
0,amateurs,13,1.5,0.007508970555466009,0.9010764666559211,Potential influence,0.007518796992481203,
0,experts,13,1.5,0.044591634683952774,0.6242828855753388,Real influence,0.007518796992481203,0.5693441926892345
0,amateurs,13,1.5,0.003130975953538844,0.37571711442466127,Real influence,0.007518796992481203,0.4306558073107654
0,experts,17,0,0.010199730221225906,0.1427962230971627,Potential influence,0.007518796992481203,
0,amateurs,17,0,0.007143364807523644,0.8572037769028372,Potential influence,0.007518796992481203,
0,experts,17,0,0.042752124859400616,0.5985297480316086,Real influence,0.007518796992481203,0.5693441926892345
0,amateurs,17,0,0.003345585433069927,0.40147025196839126,Real influence,0.007518796992481203,0.4306558073107654
0,experts,17,0.25,0.009857051120052352,0.13799871568073294,Potential influence,0.007518796992481203,
0,amateurs,17,0.25,0.007183344035993894,0.8620012843192673,Potential influence,0.007518796992481203,
0,experts,17,0.25,0.04408140286019703,0.6171396400427585,Real influence,0.007518796992481203,0.5693441926892345
0,amateurs,17,0.25,0.0031905029996436795,0.38286035995724155,Real influence,0.007518796992481203,0.4306558073107654
0,experts,17,0.5,0.00956023686956803,0.13384331617395243,Potential influence,0.007518796992481203,
0,amateurs,17,0.5,0.00721797236521706,0.8661566838260473,Potential influence,0.007518796992481203,
0,experts,17,0.5,0.044205562871244296,0.6188778801974202,Real influence,0.007518796992481203,0.5693441926892345
0,amateurs,17,0.5,0.003176017665021499,0.3811221198025799,Real influence,0.007518796992481203,0.4306558073107654
0,experts,17,0.75,0.009275661605938552,0.12985926248313973,Potential influence,0.007518796992481203,
0,amateurs,17,0.75,0.007251172812640502,0.8701407375168603,Potential influence,0.007518796992481203,
0,experts,17,0.75,0.04423186116043776,0.6192460562461286,Real influence,0.007518796992481203,0.5693441926892345
0,amateurs,17,0.75,0.0031729495312822617,0.3807539437538714,Real influence,0.007518796992481203,0.4306558073107654
0,experts,17,1,0.009001534307441607,0.1260214803041825,Potential influence,0.007518796992481203,
0,amateurs,17,1,0.00728315433079848,0.8739785196958175,Potential influence,0.007518796992481203,
0,experts,17,1,0.04414720375066511,0.6180608525093115,Real influence,0.007518796992481203,0.5693441926892345
0,amateurs,17,1,0.0031828262290890708,0.38193914749068847,Real influence,0.007518796992481203,0.4306558073107654
0,experts,17,1.25,0.00873687300673493,0.12231622209428902,Potential influence,0.007518796992481203,
0,amateurs,17,1.25,0.007314031482547592,0.877683777905711,Potential influence,0.007518796992481203,
0,experts,17,1.25,0.04394470213179241,0.6152258298450938,Real influence,0.007518796992481203,0.5693441926892345
0,amateurs,17,1.25,0.003206451417957552,0.3847741701549063,Real influence,0.007518796992481203,0.4306558073107654
0,experts,17,1.5,0.00848126796794381,0.11873775155121336,Potential influence,0.007518796992481203,
0,amateurs,17,1.5,0.007343852070406555,0.8812622484487866,Potential influence,0.007518796992481203,
0,experts,17,1.5,0.043623440570018095,0.6107281679802533,Real influence,0.007518796992481203,0.5693441926892345
0,amateurs,17,1.5,0.0032439319334978895,0.38927183201974674,Real influence,0.007518796992481203,0.4306558073107654
0,experts,19,0,0.010833637061573842,0.1516709188620338,Potential influence,0.007518796992481203,
0,amateurs,19,0,0.007069409009483049,0.8483290811379659,Potential influence,0.007518796992481203,
0,experts,19,0,0.04204630052514156,0.5886482073519818,Real influence,0.007518796992481203,0.5693441926892345
0,amateurs,19,0,0.003427931605400151,0.41135179264801813,Real influence,0.007518796992481203,0.4306558073107654
0,experts,19,0.25,0.010469640600013872,0.1465749684001942,Potential influence,0.007518796992481203,
0,amateurs,19,0.25,0.007111875263331716,0.8534250315998059,Potential influence,0.007518796992481203,
0,experts,19,0.25,0.043634328108884554,0.6108805935243837,Real influence,0.007518796992481203,0.5693441926892345
0,amateurs,19,0.25,0.003242661720630135,0.3891194064756162,Real influence,0.007518796992481203,0.4306558073107654
0,experts,19,0.5,0.010151914847779397,0.14212680786891155,Potential influence,0.007518796992481203,
0,amateurs,19,0.5,0.00714894326775907,0.8578731921310884,Potential influence,0.007518796992481203,
0,experts,19,0.5,0.04380890724463486,0.613324701424888,Real influence,0.007518796992481203,0.5693441926892345
0,amateurs,19,0.5,0.003222294154792599,0.3866752985751119,Real influence,0.007518796992481203,0.4306558073107654
0,experts,19,0.75,0.009847139078773066,0.13785994710282293,Potential influence,0.007518796992481203,
0,amateurs,19,0.75,0.00718450044080981,0.8621400528971771,Potential influence,0.007518796992481203,
0,experts,19,0.75,0.043880843819892476,0.6143318134784946,Real influence,0.007518796992481203,0.5693441926892345
0,amateurs,19,0.75,0.0032139015543458794,0.38566818652150553,Real influence,0.007518796992481203,0.4306558073107654
0,experts,19,1,0.009553264998522765,0.1337457099793187,Potential influence,0.007518796992481203,
0,amateurs,19,1,0.007218785750172345,0.8662542900206814,Potential influence,0.007518796992481203,
0,experts,19,1,0.043837596469671135,0.6137263505753959,Real influence,0.007518796992481203,0.5693441926892345
0,amateurs,19,1,0.003218947078538366,0.38627364942460396,Real influence,0.007518796992481203,0.4306558073107654
0,experts,19,1.25,0.009269143862216596,0.12976801407103233,Potential influence,0.007518796992481203,
0,amateurs,19,1.25,0.007251933216074731,0.8702319859289678,Potential influence,0.007518796992481203,
0,experts,19,1.25,0.04367262351913429,0.61141672926788,Real influence,0.007518796992481203,0.5693441926892345
0,amateurs,19,1.25,0.003238193922767664,0.3885832707321197,Real influence,0.007518796992481203,0.4306558073107654
0,experts,19,1.5,0.008994263059066445,0.12591968282693022,Potential influence,0.007518796992481203,
0,amateurs,19,1.5,0.007284002643108917,0.8740803171730701,Potential influence,0.007518796992481203,
0,experts,19,1.5,0.04338525428693455,0.6073935600170837,Real influence,0.007518796992481203,0.5693441926892345
0,amateurs,19,1.5,0.003271720333190968,0.39260643998291617,Real influence,0.007518796992481203,0.4306558073107654
0,experts,23,0,0.011593116114192751,0.16230362559869851,Potential influence,0.007518796992481203,
0,amateurs,23,0,0.006980803120010846,0.8376963744013015,Potential influence,0.007518796992481203,
0,experts,23,0,0.04122068447539665,0.5770895826555531,Real influence,0.007518796992481203,0.5693441926892345
0,amateurs,23,0,0.003524253477870391,0.4229104173444469,Real influence,0.007518796992481203,0.4306558073107654
0,experts,23,0.25,0.011214704240458862,0.15700585936642406,Potential influence,0.007518796992481203,
0,amateurs,23,0.25,0.007024951171946466,0.8429941406335759,Potential influence,0.007518796992481203,
0,experts,23,0.25,0.043188246479718986,0.6046354507160658,Real influence,0.007518796992481203,0.5693441926892345
0,amateurs,23,0.25,0.0032947045773661183,0.3953645492839342,Real influence,0.007518796992481203,0.4306558073107654
0,experts,23,0.5,0.010880317104407056,0.1523244394616988,Potential influence,0.007518796992481203,
0,amateurs,23,0.5,0.007063963004485845,0.8476755605383014,Potential influence,0.007518796992481203,
0,experts,23,0.5,0.043420648000905226,0.6078890720126732,Real influence,0.007518796992481203,0.5693441926892345
0,amateurs,23,0.5,0.0032675910665610577,0.39211092798732694,Real influence,0.007518796992481203,0.4306558073107654
0,experts,23,0.75,0.01055746470583108,0.14780450588163513,Potential influence,0.007518796992481203,
0,amateurs,23,0.75,0.007101629117653041,0.8521954941183649,Potential influence,0.007518796992481203,
0,experts,23,0.75,0.04354262332982992,0.6095967266176189,Real influence,0.007518796992481203,0.5693441926892345
0,amateurs,23,0.75,0.003253360611519841,0.39040327338238096,Real influence,0.007518796992481203,0.4306558073107654
0,experts,23,1,0.010244129186251423,0.14341780860751993,Potential influence,0.007518796992481203,
0,amateurs,23,1,0.007138184928270667,0.85658219139248,Potential influence,0.007518796992481203,
0,experts,23,1,0.04354312819815993,0.6096037947742391,Real influence,0.007518796992481203,0.5693441926892345
0,amateurs,23,1,0.0032533017102146745,0.39039620522576096,Real influence,0.007518796992481203,0.4306558073107654
0,experts,23,1.25,0.0099391928450201,0.1391486998302814,Potential influence,0.007518796992481203,
0,amateurs,23,1.25,0.007173760834747655,0.8608513001697186,Potential influence,0.007518796992481203,
0,experts,23,1.25,0.04341663229238469,0.6078328520933857,Real influence,0.007518796992481203,0.5693441926892345
0,amateurs,23,1.25,0.003268059565888453,0.3921671479066144,Real influence,0.007518796992481203,0.4306558073107654
0,experts,23,1.5,0.00964219829038404,0.13499077606537657,Potential influence,0.007518796992481203,
0,amateurs,23,1.5,0.007208410199455195,0.8650092239346233,Potential influence,0.007518796992481203,
0,experts,23,1.5,0.04316317827909647,0.6042844959073506,Real influence,0.007518796992481203,0.5693441926892345
0,amateurs,23,1.5,0.0032976292007720768,0.3957155040926492,Real influence,0.007518796992481203,0.4306558073107654
0,experts,29,0,0.012075617132897561,0.16905863986056585,Potential influence,0.007518796992481203,
0,amateurs,29,0,0.006924511334495283,0.830941360139434,Potential influence,0.007518796992481203,
0,experts,29,0,0.04077569897437873,0.5708597856413022,Real influence,0.007518796992481203,0.5693441926892345
0,amateurs,29,0,0.0035761684529891477,0.4291402143586977,Real influence,0.007518796992481203,0.4306558073107654
0,experts,29,0.25,0.011717548689486467,0.16404568165281055,Potential influence,0.007518796992481203,
0,amateurs,29,0.25,0.006966285986226577,0.8359543183471893,Potential influence,0.007518796992481203,
0,experts,29,0.25,0.043001515160175474,0.6020212122424566,Real influence,0.007518796992481203,0.5693441926892345
0,amateurs,29,0.25,0.0033164898979795277,0.3979787877575433,Real influence,0.007518796992481203,0.4306558073107654
0,experts,29,0.5,0.011393934478108486,0.1595150826935188,Potential influence,0.007518796992481203,
0,amateurs,29,0.5,0.0070040409775540095,0.8404849173064811,Potential influence,0.007518796992481203,
0,experts,29,0.5,0.04326349909875774,0.6056889873826083,Real influence,0.007518796992481203,0.5693441926892345
0,amateurs,29,0.5,0.003285925105144931,0.3943110126173917,Real influence,0.007518796992481203,0.4306558073107654
0,experts,29,0.75,0.011077255406144449,0.1550815756860223,Potential influence,0.007518796992481203,
0,amateurs,29,0.75,0.007040986869283146,0.8449184243139776,Potential influence,0.007518796992481203,
0,experts,29,0.75,0.043409672897839105,0.6077354205697475,Real influence,0.007518796992481203,0.5693441926892345
0,amateurs,29,0.75,0.0032688714952521037,0.39226457943025245,Real influence,0.007518796992481203,0.4306558073107654
0,experts,29,1,0.010765919058733817,0.15072286682227343,Potential influence,0.007518796992481203,
0,amateurs,29,1,0.007077309443147722,0.8492771331777267,Potential influence,0.007518796992481203,
0,experts,29,1,0.04343026521428017,0.6080237129999224,Real influence,0.007518796992481203,0.5693441926892345
0,amateurs,29,1,0.0032664690583339797,0.3919762870000776,Real influence,0.007518796992481203,0.4306558073107654
0,experts,29,1.25,0.010459195333831637,0.14642873467364292,Potential influence,0.007518796992481203,
0,amateurs,29,1.25,0.007113093877719642,0.853571265326357,Potential influence,0.007518796992481203,
0,experts,29,1.25,0.0433206327670135,0.606488858738189,Real influence,0.007518796992481203,0.5693441926892345
0,amateurs,29,1.25,0.00327925951051509,0.3935111412618108,Real influence,0.007518796992481203,0.4306558073107654
0,experts,29,1.5,0.010156995791186483,0.14219794107661077,Potential influence,0.007518796992481203,
0,amateurs,29,1.5,0.007148350491028243,0.8578020589233891,Potential influence,0.007518796992481203,
0,experts,29,1.5,0.04308144985579592,0.6031402979811429,Real influence,0.007518796992481203,0.5693441926892345
0,amateurs,29,1.5,0.0033071641834904754,0.39685970201885706,Real influence,0.007518796992481203,0.4306558073107654
0,experts,50,0,0.012844940970681989,0.17982917358954784,Potential influence,0.007518796992481203,
0,amateurs,50,0,0.006834756886753767,0.820170826410452,Potential influence,0.007518796992481203,
0,experts,50,0,0.04066353304633038,0.5692894626486253,Real influence,0.007518796992481203,0.5693441926892345
0,amateurs,50,0,0.003589254477928122,0.43071053735137466,Real influence,0.007518796992481203,0.4306558073107654
0,experts,50,0.25,0.012518947253132195,0.17526526154385072,Potential influence,0.007518796992481203,
0,amateurs,50,0.25,0.006872789487134577,0.8247347384561493,Potential influence,0.007518796992481203,
0,experts,50,0.25,0.04297122014333373,0.6015970820066723,Real influence,0.007518796992481203,0.5693441926892345
0,amateurs,50,0.25,0.0033200243166110637,0.39840291799332767,Real influence,0.007518796992481203,0.4306558073107654
0,experts,50,0.5,0.01220453734733351,0.17086352286266915,Potential influence,0.007518796992481203,
0,amateurs,50,0.5,0.006909470642811091,0.8291364771373309,Potential influence,0.007518796992481203,
0,experts,50,0.5,0.04323923377127181,0.6053492727978054,Real influence,0.007518796992481203,0.5693441926892345
0,amateurs,50,0.5,0.003288756060018288,0.3946507272021946,Real influence,0.007518796992481203,0.4306558073107654
0,experts,50,0.75,0.011889796589725068,0.16645715225615096,Potential influence,0.007518796992481203,
0,amateurs,50,0.75,0.0069461903978654095,0.8335428477438491,Potential influence,0.007518796992481203,
0,experts,50,0.75,0.043390028809207906,0.6074604033289107,Real influence,0.007518796992481203,0.5693441926892345
0,amateurs,50,0.75,0.0032711633055924113,0.39253959667108934,Real influence,0.007518796992481203,0.4306558073107654
0,experts,50,1,0.011573778673706764,0.1620329014318947,Potential influence,0.007518796992481203,
0,amateurs,50,1,0.006983059154734212,0.8379670985681055,Potential influence,0.007518796992481203,
0,experts,50,1,0.04341422677716139,0.6077991748802595,Real influence,0.007518796992481203,0.5693441926892345
0,amateurs,50,1,0.0032683402093311724,0.3922008251197407,Real influence,0.007518796992481203,0.4306558073107654
0,experts,50,1.25,0.011256410354648772,0.1575897449650828,Potential influence,0.007518796992481203,
0,amateurs,50,1.25,0.00702008545862431,0.8424102550349172,Potential influence,0.007518796992481203,
0,experts,50,1.25,0.04330745216331046,0.6063043302863464,Real influence,0.007518796992481203,0.5693441926892345
0,amateurs,50,1.25,0.0032807972476137804,0.39369566971365366,Real influence,0.007518796992481203,0.4306558073107654
0,experts,50,1.5,0.010938244585142589,0.15313542419199624,Potential influence,0.007518796992481203,
0,amateurs,50,1.5,0.007057204798400032,0.8468645758080038,Potential influence,0.007518796992481203,
0,experts,50,1.5,0.043070564558867715,0.602987903824148,Real influence,0.007518796992481203,0.5693441926892345
0,amateurs,50,1.5,0.0033084341347987666,0.397012096175852,Real influence,0.007518796992481203,0.4306558073107654
0,experts,75,0,0.012023398869981433,0.16832758417974006,Potential influence,0.007518796992481203,
0,amateurs,75,0,0.006930603465168832,0.8316724158202599,Potential influence,0.007518796992481203,
0,experts,75,0,0.04066353304633038,0.5692894626486253,Real influence,0.007518796992481203,0.5693441926892345
0,amateurs,75,0,0.003589254477928122,0.43071053735137466,Real influence,0.007518796992481203,0.4306558073107654
0,experts,75,0.25,0.01178236939658484,0.16495317155218778,Potential influence,0.007518796992481203,
0,amateurs,75,0.25,0.006958723570398435,0.8350468284478122,Potential influence,0.007518796992481203,
0,experts,75,0.25,0.04297122014333373,0.6015970820066723,Real influence,0.007518796992481203,0.5693441926892345
0,amateurs,75,0.25,0.0033200243166110637,0.39840291799332767,Real influence,0.007518796992481203,0.4306558073107654
0,experts,75,0.5,0.01154505734698195,0.16163080285774728,Potential influence,0.007518796992481203,
0,amateurs,75,0.5,0.006986409976185438,0.8383691971422526,Potential influence,0.007518796992481203,
0,experts,75,0.5,0.04323923377127181,0.6053492727978054,Real influence,0.007518796992481203,0.5693441926892345
0,amateurs,75,0.5,0.003288756060018288,0.3946507272021946,Real influence,0.007518796992481203,0.4306558073107654
0,experts,75,0.75,0.01130366559645341,0.15825131835034775,Potential influence,0.007518796992481203,
0,amateurs,75,0.75,0.007014572347080433,0.841748681649652,Potential influence,0.007518796992481203,
0,experts,75,0.75,0.043390028809207906,0.6074604033289107,Real influence,0.007518796992481203,0.5693441926892345
0,amateurs,75,0.75,0.0032711633055924113,0.39253959667108934,Real influence,0.007518796992481203,0.4306558073107654
0,experts,75,1,0.011056395807449309,0.15478954130429032,Potential influence,0.007518796992481203,
0,amateurs,75,1,0.0070434204891309145,0.8452104586957098,Potential influence,0.007518796992481203,
0,experts,75,1,0.04341422677716139,0.6077991748802595,Real influence,0.007518796992481203,0.5693441926892345
0,amateurs,75,1,0.0032683402093311724,0.3922008251197407,Real influence,0.007518796992481203,0.4306558073107654
0,experts,75,1.25,0.010802667803122586,0.1512373492437162,Potential influence,0.007518796992481203,
0,amateurs,75,1.25,0.007073022089635697,0.8487626507562837,Potential influence,0.007518796992481203,
0,experts,75,1.25,0.04330745216331046,0.6063043302863464,Real influence,0.007518796992481203,0.5693441926892345
0,amateurs,75,1.25,0.0032807972476137804,0.39369566971365366,Real influence,0.007518796992481203,0.4306558073107654
0,experts,75,1.5,0.010542754566655573,0.14759856393317802,Potential influence,0.007518796992481203,
0,amateurs,75,1.5,0.007103345300556851,0.8524014360668221,Potential influence,0.007518796992481203,
0,experts,75,1.5,0.043070564558867715,0.602987903824148,Real influence,0.007518796992481203,0.5693441926892345
0,amateurs,75,1.5,0.0033084341347987666,0.397012096175852,Real influence,0.007518796992481203,0.4306558073107654
0,experts,100,0,0.00844865094380783,0.11828111321330964,Potential influence,0.007518796992481203,
0,amateurs,100,0,0.007347657389889088,0.8817188867866905,Potential influence,0.007518796992481203,
0,experts,100,0,0.04066353304633038,0.5692894626486253,Real influence,0.007518796992481203,0.5693441926892345
0,amateurs,100,0,0.003589254477928122,0.43071053735137466,Real influence,0.007518796992481203,0.4306558073107654
0,experts,100,0.25,0.00847300712885769,0.11862209980400765,Potential influence,0.007518796992481203,
0,amateurs,100,0.25,0.007344815834966601,0.8813779001959922,Potential influence,0.007518796992481203,
0,experts,100,0.25,0.04297122014333373,0.6015970820066723,Real influence,0.007518796992481203,0.5693441926892345
0,amateurs,100,0.25,0.0033200243166110637,0.39840291799332767,Real influence,0.007518796992481203,0.4306558073107654
0,experts,100,0.5,0.008496424713046633,0.11894994598265286,Potential influence,0.007518796992481203,
0,amateurs,100,0.5,0.007342083783477894,0.8810500540173473,Potential influence,0.007518796992481203,
0,experts,100,0.5,0.04323923377127181,0.6053492727978054,Real influence,0.007518796992481203,0.5693441926892345
0,amateurs,100,0.5,0.003288756060018288,0.3946507272021946,Real influence,0.007518796992481203,0.4306558073107654
0,experts,100,0.75,0.008510444689850192,0.11914622565790269,Potential influence,0.007518796992481203,
0,amateurs,100,0.75,0.007340448119517478,0.8808537743420973,Potential influence,0.007518796992481203,
0,experts,100,0.75,0.043390028809207906,0.6074604033289107,Real influence,0.007518796992481203,0.5693441926892345
0,amateurs,100,0.75,0.0032711633055924113,0.39253959667108934,Real influence,0.007518796992481203,0.4306558073107654
0,experts,100,1,0.008512569649689368,0.11917597509565114,Potential influence,0.007518796992481203,
0,amateurs,100,1,0.0073402002075362415,0.880824024904349,Potential influence,0.007518796992481203,
0,experts,100,1,0.04341422677716139,0.6077991748802595,Real influence,0.007518796992481203,0.5693441926892345
0,amateurs,100,1,0.0032683402093311724,0.3922008251197407,Real influence,0.007518796992481203,0.4306558073107654
0,experts,100,1.25,0.008500941723797232,0.11901318413316125,Potential influence,0.007518796992481203,
0,amateurs,100,1.25,0.007341556798890322,0.8809868158668386,Potential influence,0.007518796992481203,
0,experts,100,1.25,0.04330745216331046,0.6063043302863464,Real influence,0.007518796992481203,0.5693441926892345
0,amateurs,100,1.25,0.0032807972476137804,0.39369566971365366,Real influence,0.007518796992481203,0.4306558073107654
0,experts,100,1.5,0.008474249765467108,0.11863949671653952,Potential influence,0.007518796992481203,
0,amateurs,100,1.5,0.007344670860695503,0.8813605032834604,Potential influence,0.007518796992481203,
0,experts,100,1.5,0.043070564558867715,0.602987903824148,Real influence,0.007518796992481203,0.5693441926892345
0,amateurs,100,1.5,0.0033084341347987666,0.397012096175852,Real influence,0.007518796992481203,0.4306558073107654
0,experts,125,0,0.007449435224561855,0.10429209314386598,Potential influence,0.007518796992481203,
0,amateurs,125,0,0.007464232557134473,0.8957079068561367,Potential influence,0.007518796992481203,
0,experts,125,0,0.04066353304633038,0.5692894626486253,Real influence,0.007518796992481203,0.5693441926892345
0,amateurs,125,0,0.003589254477928122,0.43071053735137466,Real influence,0.007518796992481203,0.4306558073107654
0,experts,125,0.25,0.007404826574362893,0.1036675720410805,Potential influence,0.007518796992481203,
0,amateurs,125,0.25,0.007469436899657663,0.8963324279589195,Potential influence,0.007518796992481203,
0,experts,125,0.25,0.04297122014333373,0.6015970820066723,Real influence,0.007518796992481203,0.5693441926892345
0,amateurs,125,0.25,0.0033200243166110637,0.39840291799332767,Real influence,0.007518796992481203,0.4306558073107654
0,experts,125,0.5,0.0073656345952462,0.10311888433344679,Potential influence,0.007518796992481203,
0,amateurs,125,0.5,0.007474009297221279,0.8968811156665535,Potential influence,0.007518796992481203,
0,experts,125,0.5,0.04323923377127181,0.6053492727978054,Real influence,0.007518796992481203,0.5693441926892345
0,amateurs,125,0.5,0.003288756060018288,0.3946507272021946,Real influence,0.007518796992481203,0.4306558073107654
0,experts,125,0.75,0.007330746916850793,0.1026304568359111,Potential influence,0.007518796992481203,
0,amateurs,125,0.75,0.007478079526367409,0.8973695431640891,Potential influence,0.007518796992481203,
0,experts,125,0.75,0.043390028809207906,0.6074604033289107,Real influence,0.007518796992481203,0.5693441926892345
0,amateurs,125,0.75,0.0032711633055924113,0.39253959667108934,Real influence,0.007518796992481203,0.4306558073107654
0,experts,125,1,0.007298531766002941,0.10217944472404118,Potential influence,0.007518796992481203,
0,amateurs,125,1,0.007481837960632998,0.8978205552759598,Potential influence,0.007518796992481203,
0,experts,125,1,0.04341422677716139,0.6077991748802595,Real influence,0.007518796992481203,0.5693441926892345
0,amateurs,125,1,0.0032683402093311724,0.3922008251197407,Real influence,0.007518796992481203,0.4306558073107654
0,experts,125,1.25,0.007267525946402317,0.10174536324963245,Potential influence,0.007518796992481203,
0,amateurs,125,1.25,0.007485455306253061,0.8982546367503673,Potential influence,0.007518796992481203,
0,experts,125,1.25,0.04330745216331046,0.6063043302863464,Real influence,0.007518796992481203,0.5693441926892345
0,amateurs,125,1.25,0.0032807972476137804,0.39369566971365366,Real influence,0.007518796992481203,0.4306558073107654
0,experts,125,1.5,0.0072363833268361735,0.10130936657570642,Potential influence,0.007518796992481203,
0,amateurs,125,1.5,0.007489088611869111,0.8986906334242932,Potential influence,0.007518796992481203,
0,experts,125,1.5,0.043070564558867715,0.602987903824148,Real influence,0.007518796992481203,0.5693441926892345
0,amateurs,125,1.5,0.0033084341347987666,0.397012096175852,Real influence,0.007518796992481203,0.4306558073107654
0,experts,133,0,0.007469494320594405,0.10457292048832167,Potential influence,0.007518796992481203,
0,amateurs,133,0,0.007461892329264008,0.895427079511681,Potential influence,0.007518796992481203,
0,experts,133,0,0.04066353304633038,0.5692894626486253,Real influence,0.007518796992481203,0.5693441926892345
0,amateurs,133,0,0.003589254477928122,0.43071053735137466,Real influence,0.007518796992481203,0.4306558073107654
0,experts,133,0.25,0.007460562774091976,0.10444787883728766,Potential influence,0.007518796992481203,
0,amateurs,133,0.25,0.0074629343430226034,0.8955521211627124,Potential influence,0.007518796992481203,
0,experts,133,0.25,0.04297122014333373,0.6015970820066723,Real influence,0.007518796992481203,0.5693441926892345
0,amateurs,133,0.25,0.0033200243166110637,0.39840291799332767,Real influence,0.007518796992481203,0.4306558073107654
0,experts,133,0.5,0.007396000433429097,0.10354400606800736,Potential influence,0.007518796992481203,
0,amateurs,133,0.5,0.00747046661609994,0.8964559939319928,Potential influence,0.007518796992481203,
0,experts,133,0.5,0.04323923377127181,0.6053492727978054,Real influence,0.007518796992481203,0.5693441926892345
0,amateurs,133,0.5,0.003288756060018288,0.3946507272021946,Real influence,0.007518796992481203,0.4306558073107654
0,experts,133,0.75,0.007345315753808352,0.10283442055331693,Potential influence,0.007518796992481203,
0,amateurs,133,0.75,0.00747637982872236,0.8971655794466832,Potential influence,0.007518796992481203,
0,experts,133,0.75,0.043390028809207906,0.6074604033289107,Real influence,0.007518796992481203,0.5693441926892345
0,amateurs,133,0.75,0.0032711633055924113,0.39253959667108934,Real influence,0.007518796992481203,0.4306558073107654
0,experts,133,1,0.007302475787496142,0.102234661024946,Potential influence,0.007518796992481203,
0,amateurs,133,1,0.007481377824792124,0.897765338975055,Potential influence,0.007518796992481203,
0,experts,133,1,0.04341422677716139,0.6077991748802595,Real influence,0.007518796992481203,0.5693441926892345
0,amateurs,133,1,0.0032683402093311724,0.3922008251197407,Real influence,0.007518796992481203,0.4306558073107654
0,experts,133,1.25,0.007263966876117059,0.10169553626563883,Potential influence,0.007518796992481203,
0,amateurs,133,1.25,0.0074858705311196755,0.898304463734361,Potential influence,0.007518796992481203,
0,experts,133,1.25,0.04330745216331046,0.6063043302863464,Real influence,0.007518796992481203,0.5693441926892345
0,amateurs,133,1.25,0.0032807972476137804,0.39369566971365366,Real influence,0.007518796992481203,0.4306558073107654
0,experts,133,1.5,0.00722736561051555,0.1011831185472177,Potential influence,0.007518796992481203,
0,amateurs,133,1.5,0.007490140678773185,0.8988168814527823,Potential influence,0.007518796992481203,
0,experts,133,1.5,0.043070564558867715,0.602987903824148,Real influence,0.007518796992481203,0.5693441926892345
0,amateurs,133,1.5,0.0033084341347987666,0.397012096175852,Real influence,0.007518796992481203,0.4306558073107654
